{
    "accuracy": 0.9760976097609761,
    "f1": 0.9759342961897307
}